name,id,co2e,energy,avg_ci,realtime,cpu_model,cpu_count,cpu_powerdraw,cpu_usage,memory,memory_powerdraw
BREAK
TOP|FOOTPRINT-ENERGY-REALTIME
proc (1),1,9.459789842945462,0.09485015417919705,12.0|12.0|12.0|12.0|12.0|157.0|157.0|157.0|157.0|157.0|157.0|157.0|157.0,3761313,Intel(R) Xeon(R) Gold 6426Y,1,None,635.0,1403113472.0,None
BREAK
TOP|ENERGY-REALTIME
proc (1),1,9.459789842945462,0.09485015417919705,12.0|12.0|12.0|12.0|12.0|157.0|157.0|157.0|157.0|157.0|157.0|157.0|157.0,3761313,Intel(R) Xeon(R) Gold 6426Y,1,None,635.0,1403113472.0,None
BREAK
SAME
END
